Name, Lowest price, Platform, Protype for
[Antetype](http://www.antetype.com/), $189.99, Mac, Any
[AppCooker](http://www.appcooker.com/), $29.99, Mac, iOS 
[Atomic](https://atomic.io/), $15/month, Web, Any
[Avocado](https://github.com/ideo/avocado/) , Free, Mac, Mobile 
[Axure](http://www.axure.com/), $29/month[^axure], Mac, Windows, Any
[Balsamiq](https://balsamiq.com/), $89, Mac, Windows, Web, Any
[Boords](https://boords.com/), Free[^boords], Web, Any
[Briefs](http://giveabrief.com/), $9.99, Mac, iOS
[Cacoo](https://cacoo.com/), Free[^cacoo], Web, Any
[CanvasFlip](https://www.canvasflip.com/), Free[^canvasflip], Web, Any
[Concept.ly](http://concept.ly/), Free[^conceptly], Web, Any
[Demonstrate](https://itunes.apple.com/in/app/demonstrate-mobile-prototyping/id726285449), Free, iOS, iPhone
[Easee](https://easee.design/), Free, Web, Web
[Fast Mockup](https://fast-mockup.com/), Free, Windows, Software
[Figma](https://www.figma.com/), Free[^figma], Mac, Windows, Any
[Flairbuilder](http://flairbuilder.com/) , $99, Mac, Windows, Any
[Flinto Lite](https://www.flinto.com/), $20/month, Web, Mobile
[Flinto for Mac](https://www.flinto.com/mac), $99, Mac, iOS
[Floid](https://floid.io/), Free, Mac[^floid], Any
[Fluid UI](https://www.fluidui.com/), Free[^fluid], Web, Any
[Form](http://www.relativewave.com/form/), Free, Mac, iOS
[ForeUI](http://www.foreui.com/), $150, Mac, Windows, Any
[Frame Box](http://framebox.org/), Free, Web, Web
[Framer](https://framerjs.com/), $129, Mac, Any
[Froont](http://froont.com/) , Free[^froont], Web, Web
[Fuse](https://www.fusetools.com) , Free, Mac, Windows, Mobile
[HotGloo](https://www.hotgloo.com/), â‚¬15/month, Web, Any
[Indigo Studio](http://www.infragistics.com/products/indigo-studio), $495[^indigo], Mac, Windows, Any
[InVision](https://www.invisionapp.com/), Free[^invision], Web, Any
[Ionic Creator](http://ionic.io/products/creator) , Free[^ionic], Mac, Windows, Any
[iPlotz](http://iplotz.com/) , Free[^iplotz], Mac, Windows, Any
[iRise](https://www.irise.com/features/prototyping/) , $29/month, Web, Mac, Windows, Any
[Koncept](https://konceptapp.com/), $30/month, Web, Any
[Justinmind](https://www.justinmind.com/), $19/month, Mac, Windows, Any
[Keynotopia](http://keynotopia.com/), $97, Keynote, PowerPoint, Any
[Kony Visualizer](http://www.kony.com/products/visualizer), Free, Mac, Windows, Any
[LayoutIt!](http://www.layoutit.com/) , Free, Web, Web
[Lumzy](http://www.lumzy.com/), Free, Web, Web
[Marvel](https://marvelapp.com/), Free[^marvel], Web, Any 
[Marvel Apps](https://marvelapp.com/apps/) , Free[^marvel], iOS, Android, Mobile
[Mockingbird](https://gomockingbird.com/home) , Free, Web, Web
[MockingBot](https://mockingbot.com/), Free, Mac, Windows, Linux, Mobile
[MockFlow](https://mockflow.com/apps/wireframepro/), Free[^mockflow], Web, Web
[Mockplus](http://www.mockplus.com/), Free, Windows, Mac, Android, iOS, Any
[Mockup.io](https://mockup.io/) , Free, Web, Mobile
[Mockups.me](http://mockups.me/) , $99/year, Mac, Windows, Any
[Mockup Builder](http://mockupbuilder.com/) , $7.00/month, Web, Any
[MockupScreens](http://www.mockupscreens.com/), $99.95, Mac, Windows, Desktop
[Moqups](https://moqups.com/), Free[^moqups], Windows, Mac, Android, iOS, Any
[Neonto Studio](https://www.neonto.com/), Free[^neonto], Mac, Mobile
[NinjaMock](http://ninjamock.com/), Free[^ninjamock], Web, Any
[Notable Prototypes](http://zurb.com/notable/features/prototypes) , N/A, Web, Any
[Notism](https://www.notism.io/home), Free[^notism], Web, Any
[OmniGraffle](https://www.omnigroup.com/omniGraffle/), $99.99 , Mac, Any
[Origami](https://facebook.github.io/origami/), Free, Mac, Any 
[Pencil](http://pencil.evolus.vn/), Free, Mac, Windows, Linux, Any 
[Pidoco](https://pidoco.com/en), $12/month, Web, Any 
[Precursor](https://precursorapp.com/) , Free, Web, Any 
[Principle](http://principleformac.com/), $129, Mac, Any
[Proto.io](https://proto.io/), Free[^protoio], Web, Mobile
[ProtoPie](https://www.protopie.io/), Free, Mac[^protopie], Mobile
[ProtoShare](http://www.protoshare.com/), $29/month,  Web, Any
[ProtoSketch](http://protosketch.io/), $8.99,  iPad, Any
[Prototyping on Paper](https://popapp.in/), Free[^pop], Mac, Windows, Android, Mobile
[Prott](https://prottapp.com/), Free[^prott], Web, Mac, Windows, Any
[Prott App](https://itunes.apple.com/app/id917618029), Free, iOS, Mobile
[Red Pen](https://redpen.io/) , $20/month, Web, Any
[Savah](http://www.savahapp.com/) , Free[^savah], Web, Any
[Silver Flows](http://silverflows.com/), Free, Sketch, Mobile
[snapp](https://snapp.click/) , Free[^snapp], Web, Mobile
[SnapUp Beta](http://quickfocus.com/) , Free, Web, Any
[Symu.co](https://symu.co/), Free[^symu], Web, Web
[UX App](https://www.ux-app.com/), $5/month, Web, Any
[UXPin](https://www.uxpin.com/), $19/month, Web, Any
[Vectr](https://vectr.com/), Free, Mac, Windows, Web, Any
[Visio ](https://products.office.com/en-us/Visio/), $299.99| Mac, Windows, Any
[Webflow](https://webflow.com/), Free[^webflow], Web, Any
[Webydo](http://www.webydo.com/), $90/month ], Web, Web
[Weld](https://www.weld.io/), Free[^weld], Web, Web
[Wireframe.cc](https://wireframe.cc/), Free[^wireframecc], Web, Any
[WireframeSketcher](http://wireframesketcher.com/) , $99, Mac, Windows, Any
[wireMagic](http://wuwacorp.com/wiremagic/) , $19, Illustrator, Any
[Wires](http://quirktools.com/wires/), Free, Web, Web
[Zeplin](https://zeplin.io/), Free[^zeplin], Web, Mobile
